id,discourse_id,discourse_start,discourse_end,discourse_text,discourse_type,discourse_type_num,predictionstring
423A1CA112E2,1622627660524.0,8.0,229.0,Modern humans today are always on their phone. They are always on their phone more than 5 hours a day no stop .All they do is text back and forward and just have group Chats on social media. They even do it while driving.,Lead,Lead 1,1 2 3 4 5 6 7 8 9 10 11 12 13 14 15 16 17 18 19 20 21 22 23 24 25 26 27 28 29 30 31 32 33 34 35 36 37 38 39 40 41 42 43 44
423A1CA112E2,1622627653021.0,230.0,312.0,They are some really bad consequences when stuff happens when it comes to a phone.,Position,Position 1,45 46 47 48 49 50 51 52 53 54 55 56 57 58 59
423A1CA112E2,1622627671020.0,313.0,401.0,Some certain areas in the United States ban phones from class rooms just because of it. ,Evidence,Evidence 1,60 61 62 63 64 65 66 67 68 69 70 71 72 73 74 75
423A1CA112E2,1622627696365.0,402.0,758.0,"When people have phones, they know about certain apps that they have .Apps like Facebook Twitter Instagram and Snapchat. So like if a friend moves away and you want to be in contact you can still be in contact by posting videos or text messages. People always have different ways how to communicate with a phone. Phones have changed due to our generation. ",Evidence,Evidence 2,76 77 78 79 80 81 82 83 84 85 86 87 88 89 90 91 92 93 94 95 96 97 98 99 100 101 102 103 104 105 106 107 108 109 110 111 112 113 114 115 116 117 118 119 120 121 122 123 124 125 126 127 128 129 130 131 132 133 134 135 136 137 138
423A1CA112E2,1622627759780.0,759.0,886.0,Driving is one of the way how to get around. People always be on their phones while doing it. Which can cause serious Problems.,Claim,Claim 1,139 140 141 142 143 144 145 146 147 148 149 150 151 152 153 154 155 156 157 158 159 160 161 162
423A1CA112E2,1622627780655.0,887.0,1150.0,That's why there's a thing that's called no texting while driving. That's a really important thing to remember. Some people still do it because they think It's stupid. No matter what they do they still have to obey it because that's the only way how did he save. ,Evidence,Evidence 3,163 164 165 166 167 168 169 170 171 172 173 174 175 176 177 178 179 180 181 182 183 184 185 186 187 188 189 190 191 192 193 194 195 196 197 198 199 200 201 202 203 204 205 206 207 208 209 210
423A1CA112E2,1622627811787.0,1151.0,1533.0,"Sometimes on the news there is either an accident or a suicide. It might involve someone not looking where they're going or tweet that someone sent. It either injury or death. If a mysterious number says I'm going to kill you and they know where you live but you don't know the person's contact

,It makes you puzzled and make you start to freak out. Which can end up really badly. ",Evidence,Evidence 4,211 212 213 214 215 216 217 218 219 220 221 222 223 224 225 226 227 228 229 230 231 232 233 234 235 236 237 238 239 240 241 242 243 244 245 246 247 248 249 250 251 252 253 254 255 256 257 258 259 260 261 262 263 264 265 266 267 268 269 270 271 272 273 274 275 276 277 278 279 280 281
423A1CA112E2,1622627585180.0,1534.0,1602.0,Phones are fine to use and it's also the best way to come over help.,Claim,Claim 2,282 283 284 285 286 287 288 289 290 291 292 293 294 295 296
423A1CA112E2,1622627895668.0,1603.0,1890.0,"If you go through a problem and you can't find help you ,always have a phone there with you. Even though phones are used almost every day as long as you're safe it would come into use if you get into trouble. Make sure you do not be like this phone while you're in the middle of driving.",Evidence,Evidence 5,297 298 299 300 301 302 303 304 305 306 307 308 309 310 311 312 313 314 315 316 317 318 319 320 321 322 323 324 325 326 327 328 329 330 331 332 333 334 335 336 337 338 339 340 341 342 343 344 345 346 347 348 349 350 351 352 353 354
423A1CA112E2,1622627628524.0,1891.0,2027.0,The news always updated when people do something stupid around that involves their phones. The safest way is the best way to stay safe. ,Concluding Statement,Concluding Statement 1,355 356 357 358 359 360 361 362 363 364 365 366 367 368 369 370 371 372 373 374 375 376 377 378
A8445CABFECE,1622575848614.0,18.0,85.0,Drivers should not be able to use phones while operating a vehicle.,Position,Position 1,3 4 5 6 7 8 9 10 11 12 13 14
A8445CABFECE,1622575854436.0,86.0,202.0,Drivers who used their phone while operating a vehicle are most likely to get into an accident that could be fatal. ,Claim,Claim 1,15 16 17 18 19 20 21 22 23 24 25 26 27 28 29 30 31 32 33 34 35
A8445CABFECE,1622575912464.0,203.0,1030.0,"According to an article by the Edgar Snyder Firm, 21% of teens that were part of a fatal car accident was due to phones. According to the same article, 35% know the risk but continue using their phones while on the road. This shows that its beyond dangerous and irresponsible of drivers not to be fully aware of their surroundings while driving. Drivers should be able to concentrate without any distractions, because it could be fatal.

According to another article, ""Distracted Driving"" by the NHTSA, there has already been about 3,000 phone related car accident deaths since 2017. The article states that teen get too distracted with their phones, which causes their accident. Accidents that can be easily avoided by focusing on the road and not a phone. Drivers should not be able to use their phones at all while driving.
",Evidence,Evidence 1,36 37 38 39 40 41 42 43 44 45 46 47 48 49 50 51 52 53 54 55 56 57 58 59 60 61 62 63 64 65 66 67 68 69 70 71 72 73 74 75 76 77 78 79 80 81 82 83 84 85 86 87 88 89 90 91 92 93 94 95 96 97 98 99 100 101 102 103 104 105 106 107 108 109 110 111 112 113 114 115 116 117 118 119 120 121 122 123 124 125 126 127 128 129 130 131 132 133 134 135 136 137 138 139 140 141 142 143 144 145 146 147 148 149 150 151 152 153 154 155 156 157 158 159 160 161 162 163 164 165 166 167 168 169 170 171 172 173 174 175 176
A8445CABFECE,1622575919138.0,1031.0,1243.0,"In conclusion, drivers should not able to work a vehicle while using their cell phone. Drivers who uses their phones while operating a vehicle and are likely to have an accident then those who don't.             ",Concluding Statement,Concluding Statement 1,177 178 179 180 181 182 183 184 185 186 187 188 189 190 191 192 193 194 195 196 197 198 199 200 201 202 203 204 205 206 207 208 209 210 211
6B4F7A0165B9,1622644274071.0,36.0,512.0,"The ability to stay connected to people we know despite distance was originally brought to fruition by the use of letters. This system was found to be rather slow and new pathways were searched for until the invention of the telegram; the people thought it was an invention of the millennia, but after time it too was thought of as slow until the invention of the telephone. Today, a telephone is in the hand or pocket of a majority of the seven billion people on planet earth",Lead,Lead 1,5 6 7 8 9 10 11 12 13 14 15 16 17 18 19 20 21 22 23 24 25 26 27 28 29 30 31 32 33 34 35 36 37 38 39 40 41 42 43 44 45 46 47 48 49 50 51 52 53 54 55 56 57 58 59 60 61 62 63 64 65 66 67 68 69 70 71 72 73 74 75 76 77 78 79 80 81 82 83 84 85 86 87 88 89 90 91
6B4F7A0165B9,1622644279790.0,513.0,593.0," However, this device is taken to areas that it is irresponsible and dangerous. ",Position,Position 1,92 93 94 95 96 97 98 99 100 101 102 103 104
6B4F7A0165B9,1622644287621.0,594.0,726.0,Within a vehicle capable of traveling upwards of one hundred miles per hour any possible distraction can become fatal spontaneously ,Claim,Claim 1,105 106 107 108 109 110 111 112 113 114 115 116 117 118 119 120 121 122 123 124
6B4F7A0165B9,1622644294405.0,727.0,1244.0,"The most common of these distractions is a cell phone, with its capabilities to connect us to anyone also in ownership of one, it is easy to pick it up whenever it sounds. In that split second of reaching over for a phone, eyes no longer on the road, it is impossible to no an exact location of anything, making an extremely dangerous action. For the myriad of possibilities that lead to serious injury cell phones should stay in the current state they are in regards of the law, but taken as a more serious offense. ",Evidence,Evidence 1,125 126 127 128 129 130 131 132 133 134 135 136 137 138 139 140 141 142 143 144 145 146 147 148 149 150 151 152 153 154 155 156 157 158 159 160 161 162 163 164 165 166 167 168 169 170 171 172 173 174 175 176 177 178 179 180 181 182 183 184 185 186 187 188 189 190 191 192 193 194 195 196 197 198 199 200 201 202 203 204 205 206 207 208 209 210 211 212 213 214 215 216 217 218 219 220
6B4F7A0165B9,1622644307290.0,1245.0,1439.0,"Conversely people may believe that laws in present need to change, becoming less restrictive. People have the right to communicate with whom they wish, when or wherever they may choose to do so.",Counterclaim,Counterclaim 1,221 222 223 224 225 226 227 228 229 230 231 232 233 234 235 236 237 238 239 240 241 242 243 244 245 246 247 248 249 250 251 252 253
6B4F7A0165B9,1622644314050.0,1440.0,1681.0,"The problem becomes apparent that this is a selfish process of thought; people aren't thinking of those they share the road with. Laws currently in place are not to punish people making poor choices, they are an attempt to keep people safe. ",Rebuttal,Rebuttal 1,254 255 256 257 258 259 260 261 262 263 264 265 266 267 268 269 270 271 272 273 274 275 276 277 278 279 280 281 282 283 284 285 286 287 288 289 290 291 292 293 294 295
6B4F7A0165B9,1622644320258.0,1682.0,1906.0,The creation of telecommunication devices was to keep connected to others without regard to the obsession that would encompass the human mind that was bound to follow. The safety of people is top priority without exemption. ,Concluding Statement,Concluding Statement 1,296 297 298 299 300 301 302 303 304 305 306 307 308 309 310 311 312 313 314 315 316 317 318 319 320 321 322 323 324 325 326 327 328 329 330 331
E05C7F5C1156,1622838356118.0,0.0,455.0,People are debating whether if drivers should or should not use cell phones while operating a vehicle. Some people think that using a cell phone while operating a vehicle should be allowed because they try multi-tasking and have important calls while some are addicted and can't stay off their phone. Other people says that you shouldn't be able to be on your cell phone while operating a vehicle because the cell phone can cause accidents while driving. ,Lead,Lead 1,0 1 2 3 4 5 6 7 8 9 10 11 12 13 14 15 16 17 18 19 20 21 22 23 24 25 26 27 28 29 30 31 32 33 34 35 36 37 38 39 40 41 42 43 44 45 46 47 48 49 50 51 52 53 54 55 56 57 58 59 60 61 62 63 64 65 66 67 68 69 70 71 72 73 74 75 76
E05C7F5C1156,1622838364231.0,455.0,527.0,I also think that you shouldn't use your phone while operating a vehicle,Position,Position 1,77 78 79 80 81 82 83 84 85 86 87 88 89
E05C7F5C1156,1622838372910.0,528.0,568.0,because it can cause vehicle collisions ,Claim,Claim 1,90 91 92 93 94 95
E05C7F5C1156,1622838380200.0,569.0,588.0,"slow reaction time,",Claim,Claim 2,96 97 98
E05C7F5C1156,1622838385966.0,589.0,609.0,and fatal injuries. ,Claim,Claim 3,99 100 101
E05C7F5C1156,1622838400534.0,782.0,937.0,"
The first reason why the use of cell phones shouldn't be allowed while operating a vehicle because there are high chances of vehicle collisions happening.",Claim,Claim 4,133 134 135 136 137 138 139 140 141 142 143 144 145 146 147 148 149 150 151 152 153 154 155 156 157
E05C7F5C1156,1622838422327.0,937.0,1403.0," Most vehicle collisions happen when the driver is texting or under the influence of alcohol. When people who drives while texting spend more time looking at their phone than the road causing poor car-following ability and lateral lane control. While under the influence of alcohol it can cause you to lose concentration and it can also hinder your ability to make rational decisions.

As stated before, these are some examples of what can cause vehicle collisions. ",Evidence,Evidence 1,158 159 160 161 162 163 164 165 166 167 168 169 170 171 172 173 174 175 176 177 178 179 180 181 182 183 184 185 186 187 188 189 190 191 192 193 194 195 196 197 198 199 200 201 202 203 204 205 206 207 208 209 210 211 212 213 214 215 216 217 218 219 220 221 222 223 224 225 226 227 228 229 230 231 232 233
E05C7F5C1156,1622838439343.0,1404.0,1506.0,The second reason why you shouldn't operate a cell phone while driving because of slow reaction time. ,Claim,Claim 5,234 235 236 237 238 239 240 241 242 243 244 245 246 247 248 249 250
E05C7F5C1156,1622838448336.0,1507.0,2042.0,"Reaction time is the measure of how quickly an organism can respond to a particular stimulus. When your spending time at your phone and finally look up to see you're about to get into an accident it would already be too late. Reaction times with no activity were between one and two seconds. Reaction times while using a cellphone were at least three to four seconds. On top of that, drivers were more likely to miss the flashing light altogether when using a cellphone. Cellphones effects the nervous system when a person is driving. ",Evidence,Evidence 2,251 252 253 254 255 256 257 258 259 260 261 262 263 264 265 266 267 268 269 270 271 272 273 274 275 276 277 278 279 280 281 282 283 284 285 286 287 288 289 290 291 292 293 294 295 296 297 298 299 300 301 302 303 304 305 306 307 308 309 310 311 312 313 314 315 316 317 318 319 320 321 322 323 324 325 326 327 328 329 330 331 332 333 334 335 336 337 338 339 340 341 342 343 344
E05C7F5C1156,1622838469687.0,2043.0,2188.0,The last reason you shouldn't drive while using a cellphone because it can cause fatal injuries that might have long-term or short-term affects. ,Claim,Claim 6,345 346 347 348 349 350 351 352 353 354 355 356 357 358 359 360 361 362 363 364 365 366 367
E05C7F5C1156,1622838487671.0,2188.0,2877.0,"The affects can be physical, emotional, or psychological. One of the most common physical effect is whiplash. Whiplash is caused by a sudden movement of the neck. Whiplash is usually caused by rear end automobile collisions. One emotional effect can be anxiety which can cause difficulties in certain situations involving driving. The last effect is psychological which can cause PTSD. Most car accidents are the results of PTSD but can also be caused by any traumatic experience. PTSD can affect a person's ability to function normally.

People who goes through this will sometimes show a wide range of symptoms including anger, fear, shock, nervousness and feeling of mistrust or guilt.
",Evidence,Evidence 3,368 369 370 371 372 373 374 375 376 377 378 379 380 381 382 383 384 385 386 387 388 389 390 391 392 393 394 395 396 397 398 399 400 401 402 403 404 405 406 407 408 409 410 411 412 413 414 415 416 417 418 419 420 421 422 423 424 425 426 427 428 429 430 431 432 433 434 435 436 437 438 439 440 441 442 443 444 445 446 447 448 449 450 451 452 453 454 455 456 457 458 459 460 461 462 463 464 465 466 467 468 469 470 471 472 473 474 475 476 477
E05C7F5C1156,1622838510129.0,2878.0,3513.0,"In conclusion, people shouldn't use cellphones while operating a vehicle. IF they do it can cause life changing accidents and other serious problems in life. Also, it can hurt some people financially causing them to pay for these uneventful occurrences. Some things people can do to prevent is to turn their phone off or put it on ""Do Not Disturb"" mode to prevent any accidents. They can also deal with that they have to do on the phone before starting the car and driving. One more solution is that they can have the passenger relay a message for you using your phone, so you won't be distracted or tempted to pick up the phone.      ",Concluding Statement,Concluding Statement 1,478 479 480 481 482 483 484 485 486 487 488 489 490 491 492 493 494 495 496 497 498 499 500 501 502 503 504 505 506 507 508 509 510 511 512 513 514 515 516 517 518 519 520 521 522 523 524 525 526 527 528 529 530 531 532 533 534 535 536 537 538 539 540 541 542 543 544 545 546 547 548 549 550 551 552 553 554 555 556 557 558 559 560 561 562 563 564 565 566 567 568 569 570 571 572 573 574 575 576 577 578 579 580 581 582 583 584 585 586 587 588 589 590 591
50B3435E475B,1622644807316.0,21.0,379.0,"Over half of drivers in today's society have this horrible habit of texting and driving. This has to stop immediately, texting and driving puts people's lives at risk. This simple act has caused many fatalities over that last years. Fortunately, the government have put a new law to deal with this problem with our generations problem of texting and driving ",Lead,Lead 1,3 4 5 6 7 8 9 10 11 12 13 14 15 16 17 18 19 20 21 22 23 24 25 26 27 28 29 30 31 32 33 34 35 36 37 38 39 40 41 42 43 44 45 46 47 48 49 50 51 52 53 54 55 56 57 58 59 60 61 62
50B3435E475B,1622644801139.0,380.0,460.0,"I strongly feel that texting and driving is dangerous and should be prohibited.
",Position,Position 1,63 64 65 66 67 68 69 70 71 72 73 74 75
50B3435E475B,1622644816531.0,461.0,540.0,"Diving more into detail, texting and driving is hazardous and life threatening.",Claim,Claim 1,76 77 78 79 80 81 82 83 84 85 86 87
50B3435E475B,1622644823700.0,541.0,954.0,Just imagine you're on the road driving to your friend's house and someone shoots you a text. You look down not even for 5 seconds; then you accidents swerve into the next lane hitting a car. There are so many different scenarios that could go wrong in that situation. Your life is over just because you couldn't wait to text your friend. The consequences that texting and driving comes with just isn't worth it. ,Evidence,Evidence 1,88 89 90 91 92 93 94 95 96 97 98 99 100 101 102 103 104 105 106 107 108 109 110 111 112 113 114 115 116 117 118 119 120 121 122 123 124 125 126 127 128 129 130 131 132 133 134 135 136 137 138 139 140 141 142 143 144 145 146 147 148 149 150 151 152 153 154 155 156 157 158 159 160 161
50B3435E475B,1622644855244.0,955.0,1051.0,"The cost of a life shouldn't be worth a text message, Snapchat or Instagram DM (Direct Message).",Claim,Claim 2,162 163 164 165 166 167 168 169 170 171 172 173 174 175 176 177 178
50B3435E475B,1622644862741.0,1052.0,1529.0,"Texting and driving has taken many lives. In a recent article I read it said ""2017 U.S. Cell Phone and Driving Statistics. In 2012, 3,328 people were killed in distraction-related crashes. About 421,000 people were injured in crashes involving a distracted driver. In 2017, 11% of drivers under age 20 involved in fatal accidents were reported to be distracted at the time of the crash."" This cannot go on any longer we must do something to stop these numbers from increasing. ",Evidence,Evidence 2,179 180 181 182 183 184 185 186 187 188 189 190 191 192 193 194 195 196 197 198 199 200 201 202 203 204 205 206 207 208 209 210 211 212 213 214 215 216 217 218 219 220 221 222 223 224 225 226 227 228 229 230 231 232 233 234 235 236 237 238 239 240 241 242 243 244 245 246 247 248 249 250 251 252 253 254 255 256 257 258 259
50B3435E475B,1622644870749.0,1530.0,1603.0,"Luckily the government has enforced a brand new law called ""Hands Free"". ",Claim,Claim 3,260 261 262 263 264 265 266 267 268 269 270 271
50B3435E475B,1622644876804.0,1604.0,1913.0,This law states Drivers cannot have a phone in their hand or touching any part of their body while talking on their phone while driving. If you don't follow these laws they can fine you fifty to one hundred and fifty dollars. I feel that this action was necessary and justified to better protect our society. ,Evidence,Evidence 3,272 273 274 275 276 277 278 279 280 281 282 283 284 285 286 287 288 289 290 291 292 293 294 295 296 297 298 299 300 301 302 303 304 305 306 307 308 309 310 311 312 313 314 315 316 317 318 319 320 321 322 323 324 325 326 327
50B3435E475B,1622644883421.0,1914.0,2047.0,"Over all texting and driving is dangerous, has killed many people and is now on the decline thanks to the new "" Hands Down"" law.     ",Concluding Statement,Concluding Statement 1,328 329 330 331 332 333 334 335 336 337 338 339 340 341 342 343 344 345 346 347 348 349 350 351 352
DBF7EB6A9E02,1622489473108.0,52.0,200.0,Being on your device and driving could be an overly dangerous choice in life. Many people around the world are injured by this situation every day. ,Lead,Lead 1,9 10 11 12 13 14 15 16 17 18 19 20 21 22 23 24 25 26 27 28 29 30 31 32 33 34
DBF7EB6A9E02,1622489478902.0,200.0,244.0,It could lead to accidents and altercations.,Claim,Claim 1,35 36 37 38 39 40 41
DBF7EB6A9E02,1622489485375.0,245.0,294.0,In addition it would even cost you your licences.,Claim,Claim 2,42 43 44 45 46 47 48 49 50
DBF7EB6A9E02,1622489500670.0,295.0,334.0,The most detrimental outcome is death. ,Claim,Claim 3,51 52 53 54 55 56
DBF7EB6A9E02,1622489430075.0,418.0,515.0,. Drivers should not be able to use cell phones in any capacity while operating a motor vehicle. ,Position,Position 1,73 74 75 76 77 78 79 80 81 82 83 84 85 86 87 88 89 90
DBF7EB6A9E02,1622489453353.0,516.0,590.0,One leading cause to motor vehicle accidents is being on your cell phone. ,Claim,Claim 4,90 91 92 93 94 95 96 97 98 99 100 101 102
DBF7EB6A9E02,1622489552970.0,590.0,1152.0,It could lead to accidents and altercations. Yourself and the passengers are more at risk to bodily injuries and harm. These bodily injuries and harm can range anywhere from mild to critical condition. In an motor vehicle accident there is more than one involved. There is another person or group of people that could have the exact same conditions than the driver on the cell phone. In an example of an altercations you could be more prone to damaging an building or such. An direct result of an event in place; a fee or very large payment would need to be made,Evidence,Evidence 1,103 104 105 106 107 108 109 110 111 112 113 114 115 116 117 118 119 120 121 122 123 124 125 126 127 128 129 130 131 132 133 134 135 136 137 138 139 140 141 142 143 144 145 146 147 148 149 150 151 152 153 154 155 156 157 158 159 160 161 162 163 164 165 166 167 168 169 170 171 172 173 174 175 176 177 178 179 180 181 182 183 184 185 186 187 188 189 190 191 192 193 194 195 196 197 198 199 200 201 202 203 204
DBF7EB6A9E02,1622489564674.0,1162.0,1219.0," another consequence could be having your license taken.
",Claim,Claim 5,206 207 208 209 210 211 212 213
DBF7EB6A9E02,1622489586313.0,1220.0,1706.0,"When you have violated a driving law there will always be an consequence. Rather it being jail time, injuries, or more. Your license will be subjected to suspension. A suspended license defines as you are not able to drive until they are reinstated. The process can take anywhere from a short period of time or even a long period of time. The average time for a suspended license is sixty days.

For some people if it is not your first offense they may even take your license for good. ",Evidence,Evidence 2,214 215 216 217 218 219 220 221 222 223 224 225 226 227 228 229 230 231 232 233 234 235 236 237 238 239 240 241 242 243 244 245 246 247 248 249 250 251 252 253 254 255 256 257 258 259 260 261 262 263 264 265 266 267 268 269 270 271 272 273 274 275 276 277 278 279 280 281 282 283 284 285 286 287 288 289 290 291 292 293 294 295 296 297 298 299 300 301 302
DBF7EB6A9E02,1622489637974.0,1718.0,1842.0,"there is another cause to driving while being on your cell phone.

After all the consequences the most detrimental is death.",Claim,Claim 6,304 305 306 307 308 309 310 311 312 313 314 315 316 317 318 319 320 321 322 323 324
DBF7EB6A9E02,1622489664223.0,1843.0,2443.0,"Many people happen to pass away due to a motor vehicle car accident. Not all people pass away at the crash site, some has a condition mild to critical that causes them to die. Around 1.6

million people a year die in motor vehicle accidents. Out of the 1.6 million, 1 out of 4 pass away because drivers are on their cell phone. That includes the driver and the unlucky few that may have been in the car, around, or in another car. Passing away from a motor vehicle accident can be prevented by simply waiting until you have reached a stopping point or your at your destination to pick up your phone. ",Evidence,Evidence 3,325 326 327 328 329 330 331 332 333 334 335 336 337 338 339 340 341 342 343 344 345 346 347 348 349 350 351 352 353 354 355 356 357 358 359 360 361 362 363 364 365 366 367 368 369 370 371 372 373 374 375 376 377 378 379 380 381 382 383 384 385 386 387 388 389 390 391 392 393 394 395 396 397 398 399 400 401 402 403 404 405 406 407 408 409 410 411 412 413 414 415 416 417 418 419 420 421 422 423 424 425 426 427 428 429 430 431 432 433 434 435 436 437
DBF7EB6A9E02,1622489674068.0,2444.0,2922.0,"In conclusion, drivers should not be able to use cell phones in any capacity while operating a motor vehicle. It can cause accidents and altercations, suspension of license, and even death. Prevention is simply not being able to use your phone while operating a motor vehicle. Take a moment to focus on the road.

You are able to check your phone when you reach a red light or a complete stop. This is one step closer to its prevention. It will save many lives even your own.   ",Concluding Statement,Concluding Statement 1,438 439 440 441 442 443 444 445 446 447 448 449 450 451 452 453 454 455 456 457 458 459 460 461 462 463 464 465 466 467 468 469 470 471 472 473 474 475 476 477 478 479 480 481 482 483 484 485 486 487 488 489 490 491 492 493 494 495 496 497 498 499 500 501 502 503 504 505 506 507 508 509 510 511 512 513 514 515 516 517 518 519 520 521 522 523 524
810B70E80E1D,1622656766607.0,24.0,86.0,I believe that drivers shouldn't use cell phones while driving,Position,Position 1,4 5 6 7 8 9 10 11 12 13
810B70E80E1D,1622656804732.0,95.0,287.0,"it is an attention hazzard. Driving with your phone in hand is not only illegal but very dangerous, but driving without the distraction of a phone can lower the driving fatality rates by a lot",Claim,Claim 1,15 16 17 18 19 20 21 22 23 24 25 26 27 28 29 30 31 32 33 34 35 36 37 38 39 40 41 42 43 44 45 46 47 48 49
810B70E80E1D,1622656820571.0,295.0,368.0,there are apps and programs on the phones that help drivers go hands free,Claim,Claim 2,51 52 53 54 55 56 57 58 59 60 61 62 63 64
810B70E80E1D,1622656791653.0,546.0,681.0,"First and foremost, Driving without the phone as a distraction will generally lower the fatality rates of distracted driving accidents ",Claim,Claim 3,95 96 97 98 99 100 101 102 103 104 105 106 107 108 109 110 111 112 113 114
810B70E80E1D,1622656812318.0,682.0,1008.0,"Not only will it save you life and everyone else in the vehicle but also you will avoid needless deaths just because you couldn't put the phone down. The lack of self-control is the reason why people get distracted by their phones, especially the younger generation of drivers which leads to possibly fatal driving accidents. ",Evidence,Evidence 1,115 116 117 118 119 120 121 122 123 124 125 126 127 128 129 130 131 132 133 134 135 136 137 138 139 140 141 142 143 144 145 146 147 148 149 150 151 152 153 154 155 156 157 158 159 160 161 162 163 164 165 166 167 168 169
810B70E80E1D,1622656841630.0,1009.0,1358.0,"Furthermore, Driving while distracted can significantly slow down your reactions to people, objects, and other cars on the road, with that you would be more likely to hit pot holes and debris on the road and a higher chance of causing an accident. Also, looking for pedestrians crossing while distracted just makes driving harder than it has to be. ",Evidence,Evidence 2,170 171 172 173 174 175 176 177 178 179 180 181 182 183 184 185 186 187 188 189 190 191 192 193 194 195 196 197 198 199 200 201 202 203 204 205 206 207 208 209 210 211 212 213 214 215 216 217 218 219 220 221 222 223 224 225 226 227 228
810B70E80E1D,1622656851902.0,1359.0,1479.0,"Finally, There are various things that have been put in place to keep the driver from getting distracted by their phones",Claim,Claim 4,229 230 231 232 233 234 235 236 237 238 239 240 241 242 243 244 245 246 247 248 249
810B70E80E1D,1622656860646.0,1480.0,1944.0," For example apps and programs on the phones that keep the driver from checking or responding to their phones. It prevents the driver from getting phone calls, texts, and other notifications while in the car. Another example,

the hands-free laws that hold the people that like to drive with phone in hand accountable. Last is personal accountability, keeping yourself in check and safe but not just yourself but the people in the car with you and the other cars.
",Evidence,Evidence 3,250 251 252 253 254 255 256 257 258 259 260 261 262 263 264 265 266 267 268 269 270 271 272 273 274 275 276 277 278 279 280 281 282 283 284 285 286 287 288 289 290 291 292 293 294 295 296 297 298 299 300 301 302 303 304 305 306 307 308 309 310 311 312 313 314 315 316 317 318 319 320 321 322 323 324 325 326 327 328
810B70E80E1D,1622656878061.0,1945.0,2577.0,"In conclusion, Drivers shouldn't drive while using a phone because if more people don't drive with their phones the likelihood of them getting into a possibly fatal accident decrease by a lot, there are also ways that you phone can keep itself from being a distraction like the apps and programs on it that block phone calls and texts, but more importantly the driver personally keeping themselves accountable for their actions on the road, and the fact that the more the driver is distracted the slower their reaction time is so they won't be able to pay closer attention to the people, objects, and other cars on the road.        ",Concluding Statement,Concluding Statement 1,329 330 331 332 333 334 335 336 337 338 339 340 341 342 343 344 345 346 347 348 349 350 351 352 353 354 355 356 357 358 359 360 361 362 363 364 365 366 367 368 369 370 371 372 373 374 375 376 377 378 379 380 381 382 383 384 385 386 387 388 389 390 391 392 393 394 395 396 397 398 399 400 401 402 403 404 405 406 407 408 409 410 411 412 413 414 415 416 417 418 419 420 421 422 423 424 425 426 427 428 429 430 431 432 433 434 435 436 437
CE98789F502B,1622732055484.0,0.0,429.0,"Although cell phones have been around for quite some time, they have become a key part of our lives. We use cell phones for anything now such as: texting, social media, calls, schedule planning, etc. Unfortunately, we are choosing to use them at the wrong time and wrong place, while we are driving. As time is going by, we are getting more and more into the phones that we don't care about our personal safety or others safety. ",Lead,Lead 1,0 1 2 3 4 5 6 7 8 9 10 11 12 13 14 15 16 17 18 19 20 21 22 23 24 25 26 27 28 29 30 31 32 33 34 35 36 37 38 39 40 41 42 43 44 45 46 47 48 49 50 51 52 53 54 55 56 57 58 59 60 61 62 63 64 65 66 67 68 69 70 71 72 73 74 75 76 77
CE98789F502B,1622732061803.0,429.0,543.0,Using cellphones while driving can be extremely dangerous to the drivers and others around them for many reasons. ,Position,Position 1,78 79 80 81 82 83 84 85 86 87 88 89 90 91 92 93 94 95
CE98789F502B,1622732072251.0,544.0,724.0,When we are driving it can be exceedingly difficult to focus on the surroundings around us and easy to forget that you are sharing the road with other people and not just yourself.,Claim,Claim 1,96 97 98 99 100 101 102 103 104 105 106 107 108 109 110 111 112 113 114 115 116 117 118 119 120 121 122 123 124 125 126 127 128
CE98789F502B,1622732085266.0,725.0,1332.0,"Other drivers take notice when drivers are on their phones whether they want to or not because of the danger they can cause. Erratic driving is something that we all get worked up about because it can make us late or can be inconvenient to us. Drivers also tailgate you because they can't keep the constant speed because they are on their phones. Sometimes pedestrians are killed because people are on their phones and don't pay attention to their surroundings. We may not intend to end someone's life, but we made the poor decision to drive and text so now we must live with that for the rest of our life. ",Evidence,Evidence 1,129 130 131 132 133 134 135 136 137 138 139 140 141 142 143 144 145 146 147 148 149 150 151 152 153 154 155 156 157 158 159 160 161 162 163 164 165 166 167 168 169 170 171 172 173 174 175 176 177 178 179 180 181 182 183 184 185 186 187 188 189 190 191 192 193 194 195 196 197 198 199 200 201 202 203 204 205 206 207 208 209 210 211 212 213 214 215 216 217 218 219 220 221 222 223 224 225 226 227 228 229 230 231 232 233 234 235 236 237 238 239
CE98789F502B,1622732097427.0,1333.0,1498.0,Everyday people die in car accidents because we use cell phones while driving. According to my research the number one leading car accidents are distracted drivers. ,Claim,Claim 2,240 241 242 243 244 245 246 247 248 249 250 251 252 253 254 255 256 257 258 259 260 261 262 263 264 265
CE98789F502B,1622732105659.0,1498.0,1869.0,"Research shows that being on your phone while driving can cause the risk 4x more of a horrible crash. Because we use cell phones more often now, we use our phones knowing the danger it could cause because we want to keep in touch with people. They also think that the hand-free is a safe thing to use because they are driving with two hands instead of holding the phone. ",Evidence,Evidence 2,266 267 268 269 270 271 272 273 274 275 276 277 278 279 280 281 282 283 284 285 286 287 288 289 290 291 292 293 294 295 296 297 298 299 300 301 302 303 304 305 306 307 308 309 310 311 312 313 314 315 316 317 318 319 320 321 322 323 324 325 326 327 328 329 330 331 332 333 334 335
CE98789F502B,1622732142171.0,1870.0,2534.0,"Driving with cell phones should be banned because of the many car accidents that they cause, it causes someone's insurance to rise, and it causes concerns to people's health. I think people are more concerned with their conversation than with their own safety and the safety of others. Research has proven that people who use cell phones while driving are more prone to be/cause an accident. People who use cell phones while driving does not have enough focus and mentally capacity to carry out a potentially dangerous activity like driving. It also can be stressful and dangerous while driving because it can cause emotional reactions that could lead to tragedy. ",Evidence,Evidence 3,336 337 338 339 340 341 342 343 344 345 346 347 348 349 350 351 352 353 354 355 356 357 358 359 360 361 362 363 364 365 366 367 368 369 370 371 372 373 374 375 376 377 378 379 380 381 382 383 384 385 386 387 388 389 390 391 392 393 394 395 396 397 398 399 400 401 402 403 404 405 406 407 408 409 410 411 412 413 414 415 416 417 418 419 420 421 422 423 424 425 426 427 428 429 430 431 432 433 434 435 436 437 438 439 440 441 442 443 444 445
CE98789F502B,1622732173838.0,2535.0,3002.0,"In conclusion, people should stop texting and driving because it can cause serious damage. Not only that it can take someone's life. Texting while driving is a serious problem today because we are on our phones 24/7 and we don't usually put it down. We are distracted by our phones to the point where we shouldn't be able to drive with a phone in the car because of how long we are on our phones. Driving and texting should be banned before we lose more people.      ",Concluding Statement,Concluding Statement 1,446 447 448 449 450 451 452 453 454 455 456 457 458 459 460 461 462 463 464 465 466 467 468 469 470 471 472 473 474 475 476 477 478 479 480 481 482 483 484 485 486 487 488 489 490 491 492 493 494 495 496 497 498 499 500 501 502 503 504 505 506 507 508 509 510 511 512 513 514 515 516 517 518 519 520 521 522 523 524 525 526 527 528 529 530 531
A97DE0D49AEA,1622644878746.0,63.0,129.0, Driver's should desist from using their Cell Phones while Driving,Position,Position 1,11 12 13 14 15 16 17 18 19 20
A97DE0D49AEA,1622644890641.0,129.0,251.0,Hundreds of research indicate that using the cell phone while driving is a dangerous prospect that leads to loss of lives ,Claim,Claim 1,21 22 23 24 25 26 27 28 29 30 31 32 33 34 35 36 37 38 39 40 41
A97DE0D49AEA,1622644908850.0,252.0,1029.0,"Statistically, 50 minutes of phone chatter while driving increases the likelihood of a car crash or car accident almost five-fold (Crundall, 2017). Texting has also emerged as an issue but many reported cases indicate talking on the cell phone while driving. In the United States, 20 states have banned the use of hand-held cell phones, while another 48 states have banned text messaging while driving (National Conference of State Legislature [NCSL], 2019). Surprisingly, no state is yet to pass laws banning cell phone use across a multitude of drivers, and this explains the continued rise in cell phone-use induced car and road accidents. The majority of drivers and motorists claims that 'being distracted by mobile phones"" is the leading cause of car and road accidents. ",Evidence,Evidence 1,41 42 43 44 45 46 47 48 49 50 51 52 53 54 55 56 57 58 59 60 61 62 63 64 65 66 67 68 69 70 71 72 73 74 75 76 77 78 79 80 81 82 83 84 85 86 87 88 89 90 91 92 93 94 95 96 97 98 99 100 101 102 103 104 105 106 107 108 109 110 111 112 113 114 115 116 117 118 119 120 121 122 123 124 125 126 127 128 129 130 131 132 133 134 135 136 137 138 139 140 141 142 143 144 145 146 147 148 149 150 151 152 153 154 155 156 157 158 159 160 161 162 163 164 165
A97DE0D49AEA,1622644919082.0,1030.0,1160.0,One major issue concerns the risk of using one hand to navigate bends and respond to potential hazards while talking on the phone.,Claim,Claim 2,166 167 168 169 170 171 172 173 174 175 176 177 178 179 180 181 182 183 184 185 186 187 188
A97DE0D49AEA,1622644932674.0,1161.0,1349.0,"According to Crundall (2017), the majority of roads accidents in Europe occur in steep slopes, bends and corners, with 35% of them involving the driver communicating on his/her cell phone.",Evidence,Evidence 2,189 190 191 192 193 194 195 196 197 198 199 200 201 202 203 204 205 206 207 208 209 210 211 212 213 214 215 216 217 218
A97DE0D49AEA,1622644941274.0,1350.0,1498.0,Another issue involves the act of conversation which leads to a loss of concentration - cognitive processing - that ultimately leads to an accident ,Claim,Claim 3,219 220 221 222 223 224 225 226 227 228 229 230 231 232 233 234 235 236 237 238 239 240 241 242
A97DE0D49AEA,1622644961578.0,1512.0,1843.0,"Scientists from Carnegie Mellon University conducted a simulation study and discovered that the human spatial brain activity is affected when performing dual-task, leading to loss of concertation and hence accidents (Crundall, 2017). Processing of auditory messages becomes a problem when driving and communicating on a cell phone,",Evidence,Evidence 3,245 246 247 248 249 250 251 252 253 254 255 256 257 258 259 260 261 262 263 264 265 266 267 268 269 270 271 272 273 274 275 276 277 278 279 280 281 282 283 284 285 286 287 288 289 290 291
A97DE0D49AEA,1622644967794.0,1859.0,1946.0,"a driver, under no circumstances, is required to use his/her cell phone while driving.
",Concluding Statement,Concluding Statement 1,294 295 296 297 298 299 300 301 302 303 304 305 306 307
48D3F4243F0F,1622732143889.0,0.0,778.0,"Cell phones were presented within the United States showcase within the decade of 1980 and their utilization right away developed amid the following two decades. The slant of utilizing cell phones has expanded all through the world. One of the essential reasons for the tremendous development of cell phones is that they encourage communication advertising tall levels of adaptability coming to craved individuals inside seconds whether he/she is at office, domestic, or exterior driving a car etc. Cell phones back in making a coordinate contact with individuals successfully and without wastage of any time. Another fundamental reason for the hazardous development of cell phones is the security viewpoint. Cell phones make it simple to contact amid crisis indeed amid driving",Lead,Lead 1,0 1 2 3 4 5 6 7 8 9 10 11 12 13 14 15 16 17 18 19 20 21 22 23 24 25 26 27 28 29 30 31 32 33 34 35 36 37 38 39 40 41 42 43 44 45 46 47 48 49 50 51 52 53 54 55 56 57 58 59 60 61 62 63 64 65 66 67 68 69 70 71 72 73 74 75 76 77 78 79 80 81 82 83 84 85 86 87 88 89 90 91 92 93 94 95 96 97 98 99 100 101 102 103 104 105 106 107 108 109 110 111 112 113 114 115 116 117 118 119
48D3F4243F0F,1622732174335.0,779.0,999.0,"in spite of the fact that utilizing cell phones whereas driving is generally perilous and not fitting, it gives the comfort of handling crisis circumstance, tuning in music through hands-free, and following courses etc. ",Position,Position 1,120 121 122 123 124 125 126 127 128 129 130 131 132 133 134 135 136 137 138 139 140 141 142 143 144 145 146 147 148 149 150 151 152 153
48D3F4243F0F,1622732186447.0,1000.0,1117.0,"In case drivers on cell phones have more mischances, at that point drivers ought to be precluded from utilizing them ",Claim,Claim 1,154 155 156 157 158 159 160 161 162 163 164 165 166 167 168 169 170 171 172 173
48D3F4243F0F,1622732191182.0,1118.0,1350.0,"Drivers on cell phones do have more mishaps. Hence, drivers ought to be disallowed from utilizing cell phones. To create this contention, you must clarify and protect both of its premises, and they require very diverse contentions. ",Evidence,Evidence 1,174 175 176 177 178 179 180 181 182 183 184 185 186 187 188 189 190 191 192 193 194 195 196 197 198 199 200 201 202 203 204 205 206 207 208 209 210
48D3F4243F0F,1622732273814.0,1351.0,1466.0,A few investigations recommend that talking on a cell phone whereas driving is viably like driving whereas impeded ,Claim,Claim 2,211 212 213 214 215 216 217 218 219 220 221 222 223 224 225 226 227 228
48D3F4243F0F,1622732280812.0,1467.0,1672.0,"In reality, a ponder at the College of Utah that compared tanked drivers to drivers on cell phones indeed found that ""cell phone drivers displayed more noteworthy impedance than inebriated drivers"". Ouch. ",Evidence,Evidence 2,229 230 231 232 233 234 235 236 237 238 239 240 241 242 243 244 245 246 247 248 249 250 251 252 253 254 255 256 257 258 259 260
AC594194F01C,1622386939038.0,0.0,222.0,I am typing about why drivers should not use phones while driving. This is my opinion and I will be backing it up. It is also a law all over the world. Not texting or being on your phone can save lives if you are driving. ,Lead,Lead 1,0 1 2 3 4 5 6 7 8 9 10 11 12 13 14 15 16 17 18 19 20 21 22 23 24 25 26 27 28 29 30 31 32 33 34 35 36 37 38 39 40 41 42 43 44 45
AC594194F01C,1622386933687.0,223.0,286.0,I say don't think it is smart to be on your phone while driving,Position,Position 1,46 47 48 49 50 51 52 53 54 55 56 57 58 59
AC594194F01C,1622386945585.0,295.0,318.0,it can cause accidents ,Claim,Claim 1,61 62 63 64
AC594194F01C,1622386951446.0,319.0,692.0,There are 1.6 million car crashes a year because people are driving with their phones out. If more people put down their phones then they can know what's going on around them to slow the death rate down. There are 10 percent of teens that die in car crashes because they are on their phones. they are distracted by the internet or people texting them more then there life. ,Evidence,Evidence 1,65 66 67 68 69 70 71 72 73 74 75 76 77 78 79 80 81 82 83 84 85 86 87 88 89 90 91 92 93 94 95 96 97 98 99 100 101 102 103 104 105 106 107 108 109 110 111 112 113 114 115 116 117 118 119 120 121 122 123 124 125 126 127 128 129 130 131 132 133
AC594194F01C,1622386907713.0,693.0,784.0,If you need a phone for a gps because you don't know where to go then you can use the audio,Claim,Claim 2,134 135 136 137 138 139 140 141 142 143 144 145 146 147 148 149 150 151 152 153 154
AC594194F01C,1622386918603.0,785.0,936.0, It will be safer that way because you wont need to keep looking down at your phone or have the passenger help you if you are driving with someone else,Evidence,Evidence 2,155 156 157 158 159 160 161 162 163 164 165 166 167 168 169 170 171 172 173 174 175 176 177 178 179 180 181 182 183 184
AC594194F01C,1622386912327.0,937.0,1019.0, Your life means more then a text that can end it all for you or someone else.    ,Concluding Statement,Concluding Statement 1,185 186 187 188 189 190 191 192 193 194 195 196 197 198 199 200 201
4F0E197053FF,1622484910810.0,0.0,77.0,Drivers Should Be Limited As To When They Can Use Their Phones While Driving ,Position,Position 1,0 1 2 3 4 5 6 7 8 9 10 11 12 13
4F0E197053FF,1622484985643.0,78.0,633.0,"Drivers who are distracted by their phone while driving have an increased risk of crashing. Crashes affect both the crasher and any possible crashing victims. Everything from physical pain to emotional pain as well as financial pain can be felt after a crash. 3,287 deaths happen every day due to fatal car crashes. On average, 9 of these fatalities are related to distracted driving. Due to the inability to test if a crash was due to distracted driving, it is believed that the recorded number of distracted driving incidents is greatly under-recorded. ",Lead,Lead 1,14 15 16 17 18 19 20 21 22 23 24 25 26 27 28 29 30 31 32 33 34 35 36 37 38 39 40 41 42 43 44 45 46 47 48 49 50 51 52 53 54 55 56 57 58 59 60 61 62 63 64 65 66 67 68 69 70 71 72 73 74 75 76 77 78 79 80 81 82 83 84 85 86 87 88 89 90 91 92 93 94 95 96 97 98 99 100 101 102 103 104 105
4F0E197053FF,1622484958956.0,634.0,976.0,"Over 80% of drivers admit to not paying attention to the road while they are doing blatantly hazardous behaviors while driving. The listed activities are not always the driver interacting with their phone, however it is safe to assume that interacting with their phone is one of the many hazardous activities these drivers admitted to doing. ",Claim,Claim 1,106 107 108 109 110 111 112 113 114 115 116 117 118 119 120 121 122 123 124 125 126 127 128 129 130 131 132 133 134 135 136 137 138 139 140 141 142 143 144 145 146 147 148 149 150 151 152 153 154 155 156 157 158 159 160 161
4F0E197053FF,1622484963540.0,976.0,1524.0,"Distracted driving is now considered to be the ""new drunk driving"" since it follows the same psychological pattern. With recent studies of phone addiction showing some of the same signs as drug addiction, people are having a harder time ignoring their phone. It is no coincidence that car crashes are the number one killer of teens in the U.s and that 16-19 year olds have a three times higher chance to be involved in a fatal crash than any other age group while studies show that teens and younger children are the most addicted to their phones. ",Evidence,Evidence 1,162 163 164 165 166 167 168 169 170 171 172 173 174 175 176 177 178 179 180 181 182 183 184 185 186 187 188 189 190 191 192 193 194 195 196 197 198 199 200 201 202 203 204 205 206 207 208 209 210 211 212 213 214 215 216 217 218 219 220 221 222 223 224 225 226 227 228 229 230 231 232 233 234 235 236 237 238 239 240 241 242 243 244 245 246 247 248 249 250 251 252 253 254 255 256 257 258
4F0E197053FF,1622484969213.0,1525.0,1636.0,While it is dangerous to be interacting with your phone while driving some people have no choice in the matter.,Counterclaim,Counterclaim 1,259 260 261 262 263 264 265 266 267 268 269 270 271 272 273 274 275 276 277 278
4F0E197053FF,1622484977954.0,1637.0,2286.0,"Reasons for this can range from work related texts or phone calls to family matters. Some states are trying what is called a ""hands free law"" that makes it illegal for a driver to hold their phone while they are driving. It also states that a driver cannot read or watch videos on their phone while driving. Because of this law there have been multiple accessories made that allow drivers to mount their phones in their car so that they can send voice messages or speech to text messages. The law along with the accessories allow these types of drivers to access their phones, though very limited, and keep up to date with their important concerns. ",Evidence,Evidence 2,279 280 281 282 283 284 285 286 287 288 289 290 291 292 293 294 295 296 297 298 299 300 301 302 303 304 305 306 307 308 309 310 311 312 313 314 315 316 317 318 319 320 321 322 323 324 325 326 327 328 329 330 331 332 333 334 335 336 337 338 339 340 341 342 343 344 345 346 347 348 349 350 351 352 353 354 355 356 357 358 359 360 361 362 363 364 365 366 367 368 369 370 371 372 373 374 375 376 377 378 379 380 381 382 383 384 385 386 387 388 389 390 391 392 393 394
4F0E197053FF,1622484991257.0,2287.0,2742.0,"The hands free law and the accessories could make the open roads a little safer for everybody while allowing people to keep their phones in their car but it is important to remember that no matter how many laws are put into place, people will still continue to abuse them and accadences will still happen. It comes down to the individual and how properly educated they are and whether or not they can mentaly handle a responsibility like driving.         ",Concluding Statement,Concluding Statement 1,395 396 397 398 399 400 401 402 403 404 405 406 407 408 409 410 411 412 413 414 415 416 417 418 419 420 421 422 423 424 425 426 427 428 429 430 431 432 433 434 435 436 437 438 439 440 441 442 443 444 445 446 447 448 449 450 451 452 453 454 455 456 457 458 459 460 461 462 463 464 465 466 467 468 469 470 471 472 473
C3811E7F1750,1622473305812.0,0.0,461.0,"BOOM!! You're on I-75 on the ground bleeding out watching everyone surrounding you, calling 911.

At this point you're thinking to yourself, ""why the freak did this happen?"" A couple hours later you found out an adult was on his phone texting and driving before the wreck happened, which is the most selfish thing to do while driving. Putting your life and other's lives in danger just so you can send a stupid text to your girl/boyfriend is completely selfish ",Lead,Lead 1,0 1 2 3 4 5 6 7 8 9 10 11 12 13 14 15 16 17 18 19 20 21 22 23 24 25 26 27 28 29 30 31 32 33 34 35 36 37 38 39 40 41 42 43 44 45 46 47 48 49 50 51 52 53 54 55 56 57 58 59 60 61 62 63 64 65 66 67 68 69 70 71 72 73 74 75 76 77 78 79
